example,comparison_method,perturbation_model,state_dim,drift_degree,barrier_degree,relaxation_degree,gram_basis,multiplier_gram_basis,estimated_psd_scalar_variables,estimated_coefficient_equalities,status,solver_status,success,nontrivial,raw_rho,reported_rho,safety_lower_bound,solve_time_seconds,training_time_seconds,sdp_max_constraint_violation,sdp_min_gram_eigenvalue,verification_constraint_tolerance,verification_gram_tolerance,numerical_refinement_applied,max_initial_violation,max_unsafe_violation,max_positive_violation,max_generator_violation,candidate_count,candidate_source,Gbar_rank,Gbar_max_eigenvalue,stochastic_state_indices,surrogate_error_semantics,diffusion_upper_bound_type,transition_abstraction_path,error
D1,diffusion_direct_generator_sos,diffusion,2,3,2,4,6,3,132,60,posterior_check_failed,"solver_error: Solver 'MOSEK' failed. Try another solver, or solve with verbose=True for more information.",False,False,1.0,1.0,0.0,0.2268149999435991,4.152270799968392,1e+30,-1e+30,1e-07,1e-07,False,0.0,1.0,0.0,0.0,1,full_polynomial_sos,1,0.004567888803158455,[1],paper_fixed,partitioned_verification_box_max_eigenvalue_psd_upper_bound,,
D1,gaussian_neural_rsm_bernstein,data_fitted_gaussian,2,3,2,0,1,1,12,4,verified,interval_verified,True,False,1.0,1.0,0.0,0.42240300006233156,0.0014551999047398567,0.0,0.0,1e-07,1e-07,False,0.0,0.0,0.0,0.0,2,full_polynomial_feature_network_lp,1,0.0008616767850246673,[1],paper_fixed,paper_fixed_empirical_one_dimensional_gaussian,D1\gaussian_transition_abstractions\degree_2.pkl,
D1,gaussian_c_sbc_multi_candidate_sos,data_fitted_gaussian,2,3,2,4,6,3,132,60,verified,optimal,True,False,0.9999699057701359,1.0,0.0,0.9776814000215381,0.0014551999047398567,4.411460120093999e-09,-4.294133090681221e-09,1e-07,1e-07,False,0.0,0.0,0.0,3.0582301502324327e-07,3,unrestricted_discrete_polynomial_sos,1,0.0008616767850246673,[1],paper_fixed,paper_fixed_empirical_one_dimensional_gaussian,D1\gaussian_transition_abstractions\degree_2.pkl,
D1,diffusion_direct_generator_sos,diffusion,2,3,4,6,10,6,388,112,verified,optimal,True,True,0.044308683808552095,0.045308683808552096,0.9546913161914479,0.5635675000958145,4.152270799968392,3.5148431054565776e-08,-3.38768099886485e-08,1e-07,1e-07,False,0.0,0.0,0.0,0.0,1,full_polynomial_sos,1,0.004567888803158455,[1],paper_fixed,partitioned_verification_box_max_eigenvalue_psd_upper_bound,,
D1,gaussian_neural_rsm_bernstein,data_fitted_gaussian,2,3,4,0,1,1,12,4,verified,interval_verified,True,True,0.10460151741859008,0.10560151741859009,0.89439848258141,2.4099501001182944,0.0014551999047398567,0.0,0.0,1e-07,1e-07,False,0.0,0.0,0.0,0.0,2,full_polynomial_feature_network_lp,1,0.0008616767850246673,[1],paper_fixed,paper_fixed_empirical_one_dimensional_gaussian,D1\gaussian_transition_abstractions\degree_4.pkl,
D1,gaussian_c_sbc_multi_candidate_sos,data_fitted_gaussian,2,3,4,4,6,3,132,60,verified,optimal,True,True,0.09274432531021513,0.09374432531021513,0.9062556746897849,3.1519013999495655,0.0014551999047398567,5.6809275617020205e-09,-5.561433492428239e-09,1e-07,1e-07,False,0.0,0.0,0.0,3.421192824176744e-07,3,unrestricted_discrete_polynomial_sos,1,0.0008616767850246673,[1],paper_fixed,paper_fixed_empirical_one_dimensional_gaussian,D1\gaussian_transition_abstractions\degree_4.pkl,
D1,diffusion_direct_generator_sos,diffusion,2,3,6,8,15,10,920,180,verified,optimal,True,True,0.0013895748059979864,0.0023895748059979864,0.997610425194002,1.214879399864003,4.152270799968392,1.5645811091147266e-08,-1.5165184125645072e-08,1e-07,1e-07,False,0.0,0.0,0.0,0.0,1,full_polynomial_sos,1,0.004567888803158455,[1],paper_fixed,partitioned_verification_box_max_eigenvalue_psd_upper_bound,,
D1,gaussian_neural_rsm_bernstein,data_fitted_gaussian,2,3,6,0,1,1,12,4,verified,interval_verified,True,True,0.03967353208274472,0.04067353208274472,0.9593264679172553,13.886100099887699,0.0014551999047398567,0.0,0.0,1e-07,1e-07,False,0.0,0.0,0.0,0.0,2,full_polynomial_feature_network_lp,1,0.0008616767850246673,[1],paper_fixed,paper_fixed_empirical_one_dimensional_gaussian,D1\gaussian_transition_abstractions\degree_6.pkl,
D1,gaussian_c_sbc_multi_candidate_sos,data_fitted_gaussian,2,3,6,6,10,6,388,112,verified,optimal,True,True,0.03547421589462536,0.036474215894625364,0.9635257841053746,15.848451999947429,0.0014551999047398567,3.7801679897420115e-08,-3.601791672924969e-08,1e-07,1e-07,False,0.0,0.0,0.0,0.0,3,unrestricted_discrete_polynomial_sos,1,0.0008616767850246673,[1],paper_fixed,paper_fixed_empirical_one_dimensional_gaussian,D1\gaussian_transition_abstractions\degree_6.pkl,
